{"0": 0.8195488050282879, "1": 29.380937863148382, "2": 137.7105912478252, "3": 7.836758637095799, "4": 8.258796888733572, "5": 22.362938448556832, "6": 705.6355969147143, "7": 180.31335128452827, "8": 37.54249550737996, "9": 346.91192175479864, "10": 140.79573362358397, "11": 33.8702684869886, "12": 4.435553493114336, "13": 0.029582057063007244, "14": 4.479925722203559, "15": 18.319787523747294, "16": 4.517361282513856, "17": 0.1494915852430862, "18": 0.9951212538317455, "19": 0.2383094044251648, "20": 0.3874892452552442, "21": 3.7207680260593214, "22": 0.37159836478731967, "23": 0.13905474773601403, "24": 0.13905350477195788, "25": 0.04168264479402756, "26": 4.693254408728413, "27": 0.10822322007760345, "28": 0.018541746860158935, "29": 0.07008617476909543, "30": 0.13546775996144442, "31": 0.10528964357934244, "32": 0.0979122487318199, "33": 0.1716324540119604, "34": 0.06410096441623192, "35": 0.0926414235754158, "36": 0.06072238939653548, "37": 0.13531728510803043, "38": 0.6936468487143566, "39": 1.53262821683289, "40": 0.11806888174170149, "41": 0.07715877152259025, "42": 0.12470179762142201, "43": 0.16441033458916943, "44": 0.047565651474899946, "45": 0.14295104113421397, "46": 0.035326722595585884, "47": 0.037450283521855504, "48": 0.07794524579162043, "49": 0.08274162435581031, "50": 14.779035654256802, "51": 4.693256844199612, "52": 5.335356472091454, "53": 5.346117827970659, "54": 16.159550245485487, "55": 18.542914306491348, "56": 0.17832927072995183, "57": 23.686696888494865, "58": 7.090259803320948, "59": 7.771835255295681, "60": 1.8186747749326353, "61": 17.35646360467472, "62": 4.279412519573789, "63": 4.279336283783046, "64": 7.332847074384515, "65": 5.568784229528663, "66": 24.80623454377859, "67": 2.3998492658098116, "68": 2.4138626419480236, "69": 2.413862073127181, "70": 2.399848430357572, "71": 3.6355332690350752, "72": 27.648651815038367, "73": 2.931679726521672, "74": 37.542482310318405, "75": 0.6160598051814791, "76": 1.230859793863328, "77": 109.68899629692359, "78": 27.490619241507922, "79": 27.491751891898048, "80": 0.4459161318104038, "81": 2.5747017810483284, "82": 0.6900779768404167, "83": 0.5682018027477874, "84": 4.176999441070098, "85": 53.75682410114211, "86": 130.20066275165362, "87": 48.57843063812402, "88": 13.97497508511824, "89": 46.33259884468684, "90": 72.62158490770777, "91": 0.7084848482148886, "92": 11.443421414988673, "93": 0.12742200346743748, "94": 0.12742184697094006, "95": 0.12742200391414063, "96": 0.12742245725499482, "97": 0.12742196182269644, "98": 0.12742199879069976, "99": 0.1274220093840369, "100": 0.6907175152480252, "101": 0.7922997019986493, "102": 0.6907175675631967, "103": 0.6907173515770377, "104": 0.6907186419990363, "105": 0.690717145844073, "106": 0.6907176849418039, "107": 1.632762437585523, "108": 0.057037807076912396, "109": 0.0570376283751461, "110": 15.121175726979848, "111": 15.645236882455023, "112": 9.499967802629918, "113": 6.443671776587904, "114": 4.698267234892076, "115": 14.505757723896807, "116": 3.9599908768016294, "117": 15.213222395657889, "118": 28.509451774407335, "119": 15.209468100924953, "120": 19.6199164185432, "121": 15.736582251915662, "122": 0.128955622851734, "123": 4.383872865485777, "124": 4.713722859074083, "125": 15.183998617764312, "126": 19.23263099776803, "127": 0.1180091522724834, "128": 2.064797121072098}