{"54": {"pos": [56.02165284061958, 531.842507374867, -342.61107202652863], "lookat": [2.2029115358988447, 182.35920206705728, 435.64182535807294]}, "15": {"pos": [134.84494399830342, 290.8479461733507, 669.8817467991302], "lookat": [160.9192860921224, 100.1594467163086, 422.70396931966144]}, "30": {"pos": [134.84494399830342, 290.8479461733507, 669.8817467991302], "lookat": [187.68097941080728, 164.57320149739584, 394.0539652506511]}, "44": {"pos": [409.4835613678798, 288.3299213723244, -486.1036283957364], "lookat": [76.91909790039062, 181.91815185546878, -8.002330144246418]}, "23": {"pos": [646.005338471778, 29.173795949314854, 326.4536044524531], "lookat": [165.05313110351562, 29.527559280395508, 418.6277974446615]}, "21": {"pos": [134.84494399830342, 290.8479461733507, 669.8817467991302], "lookat": [188.48043823242185, 110.96929931640625, 397.56591796875006]}, "83": {"pos": [56.02165284061958, 531.842507374867, -342.61107202652863], "lookat": [-48.62812169392904, 144.15226236979166, -198.49727884928384]}, "106": {"pos": [648.0330373487928, 197.52905434068805, 215.42855637536007], "lookat": [-48.2610600789388, 256.9219716389974, 122.96676890055338]}, "63": {"pos": [56.02165284061958, 531.842507374867, -342.61107202652863], "lookat": [-0.5979288419087728, 205.98775227864584, 428.5987650553385]}, "25": {"pos": [648.0330373487928, 197.52905434068805, 215.42855637536007], "lookat": [202.1811319986979, 139.24243164062497, 388.11302693684894]}, "91": {"pos": [56.02165284061958, 531.842507374867, -342.61107202652863], "lookat": [3.9477966477473583, 261.8704528808594, 83.10154978434245]}, "34": {"pos": [546.6740526156389, 123.80764492001357, 471.6786860685833], "lookat": [184.7288818359375, 149.0664316813151, 396.24807739257807]}, "19": {"pos": [134.84494399830342, 290.8479461733507, 669.8817467991302], "lookat": [184.21701558430988, 147.4680938720703, 398.7271931966145]}, "50": {"pos": [56.02165284061958, 531.842507374867, -342.61107202652863], "lookat": [-206.09048461914062, 72.58136749267577, -193.34793090820312]}, "10": {"pos": [56.02165284061958, 531.842507374867, -342.61107202652863], "lookat": [-88.58693695068358, 172.11286417643228, -29.111525217692055]}, "97": {"pos": [56.02165284061958, 531.842507374867, -342.61107202652863], "lookat": [-71.07398223876953, 249.6215972900391, 28.936925252278645]}, "22": {"pos": [134.84494399830342, 290.8479461733507, 669.8817467991302], "lookat": [188.93093363444012, 29.527559280395508, 396.31862386067706]}, "99": {"pos": [56.02165284061958, 531.842507374867, -342.61107202652863], "lookat": [2.148697127898534, 249.6215972900391, 44.39328638712565]}, "61": {"pos": [56.02165284061958, 531.842507374867, -342.61107202652863], "lookat": [35.07886934280395, 237.52244567871088, 400.2575480143229]}, "128": {"pos": [134.84494399830342, 290.8479461733507, 669.8817467991302], "lookat": [71.68633524576823, 149.6329142252604, 466.12198893229163]}, "113": {"pos": [646.005338471778, 29.173795949314854, 326.4536044524531], "lookat": [12.552583535512289, 28.71469942728678, 418.82483927408845]}, "31": {"pos": [134.84494399830342, 290.8479461733507, 669.8817467991302], "lookat": [185.31371561686197, 158.1862335205078, 395.81339518229163]}, "74": {"pos": [56.02165284061958, 531.842507374867, -342.61107202652863], "lookat": [-268.3023630777995, 161.67977905273438, -30.03933334350586]}, "1": {"pos": [648.0330373487928, 197.52905434068805, 215.42855637536007], "lookat": [176.2066141764323, 29.527559280395508, 406.68825276692706]}, "12": {"pos": [134.84494399830342, 290.8479461733507, 669.8817467991302], "lookat": [168.87646484374997, 29.527559280395508, 413.9612325032552]}, "66": {"pos": [56.02165284061958, 531.842507374867, -342.61107202652863], "lookat": [49.99783198038737, 264.9713338216146, 486.8040364583333]}, "33": {"pos": [134.84494399830342, 290.8479461733507, 669.8817467991302], "lookat": [190.74599711100257, 163.73190307617188, 391.77592976888025]}, "125": {"pos": [56.02165284061958, 531.842507374867, -342.61107202652863], "lookat": [73.24195374548434, 241.08016856014729, 472.93580703934026]}, "82": {"pos": [56.02165284061958, 531.842507374867, -342.61107202652863], "lookat": [-8.017445802688599, 137.33599853515625, -134.4775161743164]}, "75": {"pos": [-784.3108074322063, 144.19730487777014, 214.11926193850277], "lookat": [56.38761774698894, 182.57025146484375, 386.24505615234364]}, "6": {"pos": [56.02165284061958, 531.842507374867, -342.61107202652863], "lookat": [263.4504954020182, 29.527559280395508, 340.9329833984375]}, "90": {"pos": [648.0330373487928, 197.52905434068805, 215.42855637536007], "lookat": [-24.45486847559611, 242.25485229492188, 18.680580139160156]}, "17": {"pos": [546.6740526156389, 123.80764492001357, 471.6786860685833], "lookat": [181.95713297526044, 152.5285186767578, 398.30814615885413]}, "55": {"pos": [134.84494399830342, 290.8479461733507, 669.8817467991302], "lookat": [59.365517934163414, 130.75197410583496, 384.1507263183594]}, "108": {"pos": [56.02165284061958, 531.842507374867, -342.61107202652863], "lookat": [-42.612028757731125, 298.35125732421875, 72.68091837565103]}, "40": {"pos": [409.4835613678798, 288.3299213723244, -486.1036283957364], "lookat": [72.84599812825522, 180.44999694824216, -13.695363362630209]}, "53": {"pos": [56.02165284061958, 531.842507374867, -342.61107202652863], "lookat": [0.8632393678029379, 172.03389994303387, 427.5127766927083]}, "9": {"pos": [56.02165284061958, 531.842507374867, -342.61107202652863], "lookat": [168.15803019205725, 29.527559280395508, 413.5827128092448]}, "26": {"pos": [56.02165284061958, 531.842507374867, -342.61107202652863], "lookat": [0.8632393678029379, 264.9713287353515, 427.5127766927083]}, "67": {"pos": [56.02165284061958, 531.842507374867, -342.61107202652863], "lookat": [84.27141698201498, 301.20473225911456, 463.3837585449218]}, "38": {"pos": [646.005338471778, 29.173795949314854, 326.4536044524531], "lookat": [72.14231618245442, 196.45669555664062, -19.684191703796387]}, "94": {"pos": [27.958108262213045, 414.0975512878457, 578.0735641908489], "lookat": [-48.56337483723958, 249.6215972900391, 125.80851745605469]}, "35": {"pos": [134.84494399830342, 290.8479461733507, 669.8817467991302], "lookat": [188.4057820638021, 151.75993347167966, 393.5152587890625]}, "4": {"pos": [56.02165284061958, 531.842507374867, -342.61107202652863], "lookat": [309.9642435709635, 78.2152214050293, 302.712412516276]}, "123": {"pos": [56.02165284061958, 531.842507374867, -342.61107202652863], "lookat": [57.020732879638665, 145.1495361328125, 481.5843505859375]}, "105": {"pos": [27.958108262213045, 414.0975512878457, 578.0735641908489], "lookat": [-106.12095260620114, 206.8897552490234, -16.079610188802082]}, "3": {"pos": [134.84494399830342, 290.8479461733507, 669.8817467991302], "lookat": [100.34738413492839, 29.527559280395508, 453.94480387369794]}, "32": {"pos": [546.6740526156389, 123.80764492001357, 471.6786860685833], "lookat": [182.0494639078776, 163.67603556315106, 398.23951212565106]}, "72": {"pos": [56.02165284061958, 531.842507374867, -342.61107202652863], "lookat": [49.99783198038737, 278.8052876790365, 486.8040364583333]}, "79": {"pos": [56.02165284061958, 531.842507374867, -342.61107202652863], "lookat": [82.95255025227864, 240.95996602376306, 468.6069641113282]}, "7": {"pos": [56.02165284061958, 531.842507374867, -342.61107202652863], "lookat": [31.113794326782227, 206.88976542154947, 110.0413106282552]}, "114": {"pos": [56.02165284061958, 531.842507374867, -342.61107202652863], "lookat": [98.72218577067056, 248.83171590169272, 439.1601053873698]}, "70": {"pos": [56.02165284061958, 531.842507374867, -342.61107202652863], "lookat": [45.61432774861653, 269.5826416015625, 490.06201171875]}, "29": {"pos": [134.84494399830342, 290.8479461733507, 669.8817467991302], "lookat": [191.4957021077474, 158.0387980143229, 391.2187093098958]}, "5": {"pos": [56.02165284061958, 531.842507374867, -342.61107202652863],